Guardians of the Galaxy,James Gunn,121
Prometheus,Ridley Scott,124
Split,M. Night Shyamalan,117
Sing,Christophe Lourdelet,108
Suicide Squad,David Ayer,123
The Great Wall,Yimou Zhang,103
La La Land,Damien Chazelle,128
Mindhorn,Sean Foley,89
The Lost City of Z,James Gray,141
Passengers,Morten Tyldum,116
Fantastic Beasts and Where to Find Them,David Yates,133
Hidden Figures,Theodore Melfi,127
Rogue One,Gareth Edwards,133
Moana,Ron Clements,107
Colossal,Nacho Vigalondo,109
The Secret Life of Pets,Chris Renaud,87
Hacksaw Ridge,Mel Gibson,139
Jason Bourne,Paul Greengrass,123
Lion,Garth Davis,118
Arrival,Denis Villeneuve,116
Gold,Stephen Gaghan,120
Manchester by the Sea,Kenneth Lonergan,137
Hounds of Love,Ben Young,108
Trolls,Walt Dohrn,92
Independence Day: Resurgence,Roland Emmerich,120
Paris pieds nus,Dominique Abel,83
Bahubali: The Beginning,S.S. Rajamouli,159
Dead Awake,Phillip Guzman,99
Bad Moms,Jon Lucas,100
Assassin's Creed,Justin Kurzel,115
Why Him?,John Hamburg,111
Nocturnal Animals,Tom Ford,116
X-Men: Apocalypse,Bryan Singer,144
Deadpool,Tim Miller,108
Resident Evil: The Final Chapter,Paul W.S. Anderson,107
Captain America: Civil War,Anthony Russo,147
Interstellar,Christopher Nolan,169
Doctor Strange,Scott Derrickson,115
The Magnificent Seven,Antoine Fuqua,132
5- 25- 77,Patrick Read Johnson,113
Sausage Party,Greg Tiernan,89
Moonlight,Barry Jenkins,111
Don't Fuck in the Woods,Shawn Burkett,73
The Founder,John Lee Hancock,115
Lowriders,Ricardo de Montreuil,99
Pirates of the Caribbean: On Stranger Tides,Rob Marshall,136
Miss Sloane,John Madden,132
Fallen,Scott Hicks,91
Star Trek Beyond,Justin Lin,122
The Last Face,Sean Penn,130
Star Wars: Episode VII - The Force Awakens,J.J. Abrams,136
Underworld: Blood Wars,Anna Foerster,91
Mother's Day,Garry Marshall,118
John Wick,Chad Stahelski,101
The Dark Knight,Christopher Nolan,152
Silence,Martin Scorsese,161
Don't Breathe,Fede Alvarez,88
Me Before You,Thea Sharrock,106
Their Finest,Lone Scherfig,117
Sully,Clint Eastwood,96
Batman v Superman: Dawn of Justice,Zack Snyder,151
The Autopsy of Jane Doe,André Øvredal,86
The Girl on the Train,Tate Taylor,112
Fifty Shades of Grey,Sam Taylor-Johnson,125
The Prestige,Christopher Nolan,130
Kingsman: The Secret Service,Matthew Vaughn,129
Patriots Day,Peter Berg,133
Mad Max: Fury Road,George Miller,120
Wakefield,Robin Swicord,106
Deepwater Horizon,Peter Berg,107
The Promise,Terry George,133
Allied,Robert Zemeckis,124
A Monster Calls,J.A. Bayona,108
Collateral Beauty,David Frankel,97
Zootopia,Byron Howard,108
Pirates of the Caribbean: At World's End,Gore Verbinski,169
The Avengers,Joss Whedon,143
Inglourious Basterds,Quentin Tarantino,153
Pirates of the Caribbean: Dead Man's Chest,Gore Verbinski,151
Ghostbusters,Paul Feig,116
Inception,Christopher Nolan,148
Captain Fantastic,Matt Ross,118
The Wolf of Wall Street,Martin Scorsese,180
Gone Girl,David Fincher,149
Furious Seven,James Wan,137
Jurassic World,Colin Trevorrow,124
Live by Night,Ben Affleck,129
Avatar,James Cameron,162
The Hateful Eight,Quentin Tarantino,187
The Accountant,Gavin O'Connor,128
Prisoners,Denis Villeneuve,153
Warcraft,Duncan Jones,123
The Help,Tate Taylor,146
War Dogs,Todd Phillips,114
Avengers: Age of Ultron,Joss Whedon,141
The Nice Guys,Shane Black,116
Kimi no na wa,Makoto Shinkai,106
The Void,Jeremy Gillespie,90
Personal Shopper,Olivier Assayas,105
The Departed,Martin Scorsese,151
Legend,Brian Helgeland,132
Thor,Kenneth Branagh,115
The Martian,Ridley Scott,144
Contratiempo,Oriol Paulo,106
The Man from U.N.C.L.E.,Guy Ritchie,116
Hell or High Water,David Mackenzie,102
The Comedian,Taylor Hackford,120
The Legend of Tarzan,David Yates,110
All We Had,Katie Holmes,105
Ex Machina,Alex Garland,108
The Belko Experiment,Greg McLean,89
12 Years a Slave,Steve McQueen,134
The Bad Batch,Ana Lily Amirpour,118
300,Zack Snyder,117
Harry Potter and the Deathly Hallows: Part 2,David Yates,130
Office Christmas Party,Josh Gordon,105
The Neon Demon,Nicolas Winding Refn,118
Dangal,Nitesh Tiwari,161
10 Cloverfield Lane,Dan Trachtenberg,104
Finding Dory,Andrew Stanton,97
Miss Peregrine's Home for Peculiar Children,Tim Burton,127
Divergent,Neil Burger,139
Mike and Dave Need Wedding Dates,Jake Szymanski,98
Boyka: Undisputed IV,Todor Chapkanov,86
The Dark Knight Rises,Christopher Nolan,164
The Jungle Book,Jon Favreau,106
Transformers: Age of Extinction,Michael Bay,165
Nerve,Henry Joost,96
Mamma Mia!,Phyllida Lloyd,108
The Revenant,Alejandro González Iñárritu,156
Fences,Denzel Washington,139
Into the Woods,Rob Marshall,125
The Shallows,Jaume Collet-Serra,86
Whiplash,Damien Chazelle,107
Furious 6,Justin Lin,130
The Place Beyond the Pines,Derek Cianfrance,140
No Country for Old Men,Ethan Coen,122
The Great Gatsby,Baz Luhrmann,143
Shutter Island,Martin Scorsese,138
Brimstone,Martin Koolhoven,148
Star Trek,J.J. Abrams,127
Diary of a Wimpy Kid,Thor Freudenthal,94
The Big Short,Adam McKay,130
Room,Lenny Abrahamson,118
Django Unchained,Quentin Tarantino,165
Ah-ga-ssi,Chan-wook Park,144
The Edge of Seventeen,Kelly Fremon Craig,104
Watchmen,Zack Snyder,162
Superbad,Greg Mottola,113
Inferno,Ron Howard,121
The BFG,Steven Spielberg,117
The Hunger Games,Gary Ross,142
White Girl,Elizabeth Wood,88
Sicario,Denis Villeneuve,121
Twin Peaks: The Missing Pieces,David Lynch,91
Aliens vs Predator - Requiem,Colin Strause,94
Pacific Rim,Guillermo del Toro,131
"Crazy, Stupid, Love.",Glenn Ficarra,118
Scott Pilgrim vs. the World,Edgar Wright,112
Hot Fuzz,Edgar Wright,121
Mine,Fabio Guaglione,106
Free Fire,Ben Wheatley,90
X-Men: Days of Future Past,Bryan Singer,132
Jack Reacher: Never Go Back,Edward Zwick,118
Casino Royale,Martin Campbell,144
Twilight,Catherine Hardwicke,122
Now You See Me 2,Jon M. Chu,129
Woman in Gold,Simon Curtis,109
13 Hours,Michael Bay,144
Spectre,Sam Mendes,148
Nightcrawler,Dan Gilroy,118
Kubo and the Two Strings,Travis Knight,101
Beyond the Gates,Jackson Stewart,84
Her,Spike Jonze,126
Frozen,Chris Buck,102
Tomorrowland,Brad Bird,130
Dawn of the Planet of the Apes,Matt Reeves,130
Tropic Thunder,Ben Stiller,107
The Conjuring 2,James Wan,134
Ant-Man,Peyton Reed,117
Bridget Jones's Baby,Sharon Maguire,118
The VVitch: A New-England Folktale,Robert Eggers,92
Cinderella,Kenneth Branagh,105
Realive,Mateo Gil,112
Forushande,Asghar Farhadi,124
Love,Gaspar Noé,135
Billy Lynn's Long Halftime Walk,Ang Lee,113
Crimson Peak,Guillermo del Toro,119
Drive,Nicolas Winding Refn,100
Trainwreck,Judd Apatow,125
The Light Between Oceans,Derek Cianfrance,133
Below Her Mouth,April Mullen,94
Spotlight,Tom McCarthy,128
Morgan,Luke Scott,92
Warrior,Gavin O'Connor,140
Captain America: The First Avenger,Joe Johnston,124
Hacker,Akan Satayev,95
Into the Wild,Sean Penn,148
The Imitation Game,Morten Tyldum,114
Central Intelligence,Rawson Marshall Thurber,107
Edge of Tomorrow,Doug Liman,113
A Cure for Wellness,Gore Verbinski,146
Snowden,Oliver Stone,134
Iron Man,Jon Favreau,126
Allegiant,Robert Schwentke,120
X: First Class,Matthew Vaughn,132
Raw (II),Julia Ducournau,99
Paterson,Jim Jarmusch,118
Bridesmaids,Paul Feig,125
The Girl with All the Gifts,Colm McCarthy,111
San Andreas,Brad Peyton,114
Spring Breakers,Harmony Korine,94
Transformers,Michael Bay,144
Old Boy,Spike Lee,104
Thor: The Dark World,Alan Taylor,112
Gods of Egypt,Alex Proyas,126
Captain America: The Winter Soldier,Anthony Russo,136
Monster Trucks,Chris Wedge,104
A Dark Song,Liam Gavin,100
Kick-Ass,Matthew Vaughn,117
Hardcore Henry,Ilya Naishuller,96
Cars,John Lasseter,117
It Follows,David Robert Mitchell,100
The Girl with the Dragon Tattoo,David Fincher,158
We're the Millers,Rawson Marshall Thurber,110
American Honey,Andrea Arnold,163
The Lobster,Yorgos Lanthimos,119
Predators,Nimród Antal,107
Maleficent,Robert Stromberg,97
Rupture,Steven Shainberg,102
Pan's Labyrinth,Guillermo del Toro,118
A Kind of Murder,Andy Goddard,95
Apocalypto,Mel Gibson,139
Mission: Impossible - Rogue Nation,Christopher McQuarrie,131
The Huntsman: Winter's War,Cedric Nicolas-Troyan,114
The Perks of Being a Wallflower,Stephen Chbosky,102
Jackie,Pablo Larraín,100
The Disappointments Room,D.J. Caruso,85
The Grand Budapest Hotel,Wes Anderson,99
The Host,Andrew Niccol,125
Fury,David Ayer,134
Inside Out,Pete Docter,95
Rock Dog,Ash Brannon,90
Terminator Genisys,Alan Taylor,126
Percy Jackson & the Olympians: The Lightning Thief,Chris Columbus,118
Les Misérables,Tom Hooper,158
Children of Men,Alfonso Cuarón,109
20th Century Women,Mike Mills,119
Spy,Paul Feig,119
The Intouchables,Olivier Nakache,112
Bonjour Anne,Eleanor Coppola,92
Kynodontas,Yorgos Lanthimos,94
Straight Outta Compton,F. Gary Gray,147
The Amazing Spider-Man 2,Marc Webb,142
The Conjuring,James Wan,112
The Hangover,Todd Phillips,100
Battleship,Peter Berg,131
Rise of the Planet of the Apes,Rupert Wyatt,105
Lights Out,David F. Sandberg,81
Norman: The Moderate Rise and Tragic Fall of a New York Fixer,Joseph Cedar,118
Birdman or (The Unexpected Virtue of Ignorance),Alejandro González Iñárritu,119
Black Swan,Darren Aronofsky,108
Dear White People,Justin Simien,108
Nymphomaniac: Vol. I,Lars von Trier,117
Teenage Mutant Ninja Turtles: Out of the Shadows,Dave Green,112
Knock Knock,Eli Roth,99
Dirty Grandpa,Dan Mazer,102
Cloud Atlas,Tom Tykwer,172
X-Men Origins: Wolverine,Gavin Hood,107
Satanic,Jeffrey G. Hunt,85
Skyfall,Sam Mendes,143
The Hobbit: An Unexpected Journey,Peter Jackson,169
21 Jump Street,Phil Lord,110
Sing Street,John Carney,106
Ballerina,Eric Summer,89
Oblivion,Joseph Kosinski,124
22 Jump Street,Phil Lord,112
Zodiac,David Fincher,157
Everybody Wants Some!!,Richard Linklater,117
Iron Man Three,Shane Black,130
Now You See Me,Louis Leterrier,115
Sherlock Holmes,Guy Ritchie,128
Death Proof,Quentin Tarantino,113
The Danish Girl,Tom Hooper,119
Hercules,Brett Ratner,98
Sucker Punch,Zack Snyder,110
Keeping Up with the Joneses,Greg Mottola,105
Jupiter Ascending,Lana Wachowski,127
Masterminds,Jared Hess,95
Iris,Jalil Lespert,99
Busanhaeng,Sang-ho Yeon,118
Pitch Perfect,Jason Moore,112
Neighbors 2: Sorority Rising,Nicholas Stoller,92
The Exception,David Leveaux,107
Man of Steel,Zack Snyder,143
The Choice,Ross Katz,111
Ice Age: Collision Course,Mike Thurmeier,94
The Devil Wears Prada,David Frankel,109
The Infiltrator,Brad Furman,127
There Will Be Blood,Paul Thomas Anderson,158
The Equalizer,Antoine Fuqua,132
Lone Survivor,Peter Berg,121
The Cabin in the Woods,Drew Goddard,95
The House Bunny,Fred Wolf,97
She's Out of My League,Jim Field Smith,104
Inherent Vice,Paul Thomas Anderson,148
Alice Through the Looking Glass,James Bobin,113
Vincent N Roxxy,Gary Michael Schultz,110
The Fast and the Furious: Tokyo Drift,Justin Lin,104
How to Be Single,Christian Ditter,110
The Blind Side,John Lee Hancock,129
La vie d'Adèle,Abdellatif Kechiche,180
The Babadook,Jennifer Kent,93
The Hobbit: The Battle of the Five Armies,Peter Jackson,144
Harry Potter and the Order of the Phoenix,David Yates,138
Snowpiercer,Bong Joon Ho,126
The 5th Wave,J Blakeson,112
The Stakelander,Dan Berk,81
The Visit,M. Night Shyamalan,94
Fast Five,Justin Lin,131
Step Up,Anne Fletcher,104
Lovesong,So Yong Kim,84
RocknRolla,Guy Ritchie,114
In Time,Andrew Niccol,109
The Social Network,David Fincher,120
The Last Witch Hunter,Breck Eisner,106
Victor Frankenstein,Paul McGuigan,110
A Street Cat Named Bob,Roger Spottiswoode,103
Green Room,Jeremy Saulnier,95
Blackhat,Michael Mann,133
Storks,Nicholas Stoller,87
American Sniper,Clint Eastwood,133
Dallas Buyers Club,Jean-Marc Vallée,117
Lincoln,Steven Spielberg,150
Rush,Ron Howard,123
Before I Wake,Mike Flanagan,97
Silver Linings Playbook,David O. Russell,122
Tracktown,Alexi Pappas,88
The Fault in Our Stars,Josh Boone,126
Blended,Frank Coraci,117
Fast & Furious,Justin Lin,107
Looper,Rian Johnson,119
White House Down,Roland Emmerich,131
Pete's Dragon,David Lowery,102
Spider-Man 3,Sam Raimi,139
The Three Musketeers,Paul W.S. Anderson,110
Stardust,Matthew Vaughn,127
American Hustle,David O. Russell,138
Jennifer's Body,Karyn Kusama,102
Midnight in Paris,Woody Allen,94
Lady Macbeth,William Oldroyd,89
Joy,David O. Russell,124
The Dressmaker,Jocelyn Moorhouse,119
Café Society,Woody Allen,96
Insurgent,Robert Schwentke,119
Seventh Son,Sergei Bodrov,102
Demain tout commence,Hugo Gélin,118
The Theory of Everything,James Marsh,123
This Is the End,Evan Goldberg,107
About Time,Richard Curtis,123
Step Brothers,Adam McKay,98
Clown,Jon Watts,100
Star Trek Into Darkness,J.J. Abrams,132
Zombieland,Ruben Fleischer,88
"Hail, Caesar!",Ethan Coen,106
Slumdog Millionaire,Danny Boyle,120
The Twilight Saga: Breaking Dawn - Part 2,Bill Condon,115
American Wrestler: The Wizard,Alex Ranarivelo,117
The Amazing Spider-Man,Marc Webb,136
Ben-Hur,Timur Bekmambetov,123
Sleight,J.D. Dillard,89
The Maze Runner,Wes Ball,113
Criminal,Ariel Vromen,113
Wanted,Timur Bekmambetov,110
Florence Foster Jenkins,Stephen Frears,111
Collide,Eran Creevy,99
Black Mass,Scott Cooper,123
Creed,Ryan Coogler,133
Swiss Army Man,Dan Kwan,97
The Expendables 3,Patrick Hughes,126
What We Do in the Shadows,Jemaine Clement,86
Southpaw,Antoine Fuqua,124
Hush,Mike Flanagan,81
Bridge of Spies,Steven Spielberg,142
The Lego Movie,Phil Lord,100
Everest,Baltasar Kormákur,121
Pixels,Chris Columbus,105
Robin Hood,Ridley Scott,140
The Wolverine,James Mangold,126
John Carter,Andrew Stanton,132
Keanu,Peter Atencio,100
The Gunman,Pierre Morel,115
Steve Jobs,Danny Boyle,122
Whisky Galore,Gillies MacKinnon,98
Grown Ups 2,Dennis Dugan,101
The Age of Adaline,Lee Toland Krieger,112
The Incredible Hulk,Louis Leterrier,112
Couples Retreat,Peter Billingsley,113
Absolutely Anything,Terry Jones,85
Magic Mike,Steven Soderbergh,110
Minions,Kyle Balda,91
The Black Room,Rolfe Kanefsky,91
Bronson,Nicolas Winding Refn,92
Despicable Me,Pierre Coffin,95
The Best of Me,Michael Hoffman,118
The Invitation,Karyn Kusama,100
Zero Dark Thirty,Kathryn Bigelow,157
Tangled,Nathan Greno,100
The Hunger Games: Mockingjay - Part 2,Francis Lawrence,137
Vacation,John Francis Daley,99
Taken,Pierre Morel,93
Pitch Perfect 2,Elizabeth Banks,115
Monsters University,Dan Scanlon,104
Elle,Paul Verhoeven,130
Mechanic: Resurrection,Dennis Gansel,98
Tusk,Kevin Smith,102
The Headhunter's Calling,Mark Williams,108
Atonement,Joe Wright,123
Harry Potter and the Deathly Hallows: Part 1,David Yates,146
Shame,Steve McQueen,101
Hanna,Joe Wright,111
The Babysitters,David Ross,88
Pride and Prejudice and Zombies,Burr Steers,108
300: Rise of an Empire,Noam Murro,102
London Has Fallen,Babak Najafi,99
The Curious Case of Benjamin Button,David Fincher,166
Sin City: A Dame to Kill For,Frank Miller,102
The Bourne Ultimatum,Paul Greengrass,115
Srpski film,Srdjan Spasojevic,104
The Purge: Election Year,James DeMonaco,109
3 Idiots,Rajkumar Hirani,170
Zoolander 2,Ben Stiller,102
World War Z,Marc Forster,116
Mission: Impossible - Ghost Protocol,Brad Bird,132
Let Me Make You a Martyr,Corey Asraf,102
Filth,Jon S. Baird,97
The Longest Ride,George Tillman Jr.,123
The imposible,J.A. Bayona,114
Kick-Ass 2,Jeff Wadlow,103
Folk Hero & Funny Guy,Jeff Grace,88
Oz the Great and Powerful,Sam Raimi,130
Brooklyn,John Crowley,117
Coraline,Henry Selick,100
Blue Valentine,Derek Cianfrance,112
The Thinning,Michael J. Gallagher,81
Silent Hill,Christophe Gans,125
Dredd,Pete Travis,95
Hunt for the Wilderpeople,Taika Waititi,101
Big Hero 6,Don Hall,102
Carrie,Kimberly Peirce,100
Iron Man 2,Jon Favreau,124
Demolition,Jean-Marc Vallée,101
Pandorum,Christian Alvart,108
Olympus Has Fallen,Antoine Fuqua,119
I Am Number Four,D.J. Caruso,109
Jagten,Thomas Vinterberg,115
The Proposal,Anne Fletcher,108
Get Hard,Etan Cohen,100
Just Go with It,Dennis Dugan,117
Revolutionary Road,Sam Mendes,119
The Town,Ben Affleck,125
The Boy,William Brent Bell,97
Denial,Mick Jackson,109
Predestination,Michael Spierig,97
Goosebumps,Rob Letterman,103
Sherlock Holmes: A Game of Shadows,Guy Ritchie,129
Salt,Phillip Noyce,100
Enemy,Denis Villeneuve,91
District 9,Neill Blomkamp,112
The Other Guys,Adam McKay,107
American Gangster,Ridley Scott,157
Marie Antoinette,Sofia Coppola,123
2012,Roland Emmerich,158
Harry Potter and the Half-Blood Prince,David Yates,153
Argo,Ben Affleck,120
Eddie the Eagle,Dexter Fletcher,106
The Lives of Others,Florian Henckel von Donnersmarck,137
Pet,Carles Torrens,94
Paint It Black,Amber Tamblyn,96
Macbeth,Justin Kurzel,113
Forgetting Sarah Marshall,Nicholas Stoller,111
The Giver,Phillip Noyce,97
Triple 9,John Hillcoat,115
Perfetti sconosciuti,Paolo Genovese,97
Angry Birds,Clay Kaytis,97
Moonrise Kingdom,Wes Anderson,94
Hairspray,Adam Shankman,117
Safe Haven,Lasse Hallström,115
Focus,Glenn Ficarra,105
Ratatouille,Brad Bird,111
Stake Land,Jim Mickle,98
The Book of Eli,Albert Hughes,118
Cloverfield,Matt Reeves,85
Point Break,Ericson Core,114
Under the Skin,Jonathan Glazer,108
I Am Legend,Francis Lawrence,101
Men in Black 3,Barry Sonnenfeld,106
Super 8,J.J. Abrams,112
Law Abiding Citizen,F. Gary Gray,109
Up,Pete Docter,96
Maze Runner: The Scorch Trials,Wes Ball,131
Carol,Todd Haynes,118
Imperium,Daniel Ragussis,109
Youth,Paolo Sorrentino,124
Mr. Nobody,Jaco Van Dormael,141
City of Tiny Lights,Pete Travis,110
Savages,Oliver Stone,131
(500) Days of Summer,Marc Webb,95
Movie 43,Elizabeth Banks,94
Gravity,Alfonso Cuarón,91
The Boy in the Striped Pyjamas,Mark Herman,94
Shooter,Antoine Fuqua,124
The Happening,M. Night Shyamalan,91
Bone Tomahawk,S. Craig Zahler,132
Magic Mike XXL,Gregory Jacobs,115
Easy A,Will Gluck,92
Exodus: Gods and Kings,Ridley Scott,150
Chappie,Neill Blomkamp,120
The Hobbit: The Desolation of Smaug,Peter Jackson,161
Half of a Yellow Sun,Biyi Bandele,111
Anthropoid,Sean Ellis,120
The Counselor,Ridley Scott,117
Viking,Andrey Kravchuk,133
Whiskey Tango Foxtrot,Glenn Ficarra,112
Trust,David Schwimmer,106
Birth of the Dragon,George Nolfi,103
Elysium,Neill Blomkamp,109
The Green Inferno,Eli Roth,100
Godzilla,Gareth Edwards,123
The Bourne Legacy,Tony Gilroy,135
A Good Year,Ridley Scott,117
Friend Request,Simon Verhoeven,92
Deja Vu,Tony Scott,126
Lucy,Luc Besson,89
A Quiet Passion,Terence Davies,125
Need for Speed,Scott Waugh,132
Jack Reacher,Christopher McQuarrie,130
The Do-Over,Steven Brill,108
True Crimes,Alexandros Avranas,92
American Pastoral,Ewan McGregor,108
The Ghost Writer,Roman Polanski,128
Limitless,Neil Burger,105
Spectral,Nic Mathieu,107
P.S. I Love You,Richard LaGravenese,126
Zipper,Mora Stephens,103
Midnight Special,Jeff Nichols,112
Don't Think Twice,Mike Birbiglia,92
Alice in Wonderland,Tim Burton,108
Chuck,Philippe Falardeau,98
"I, Daniel Blake",Ken Loach,100
The Break-Up,Peyton Reed,106
Loving,Jeff Nichols,123
Fantastic Four,Josh Trank,100
The Survivalist,Stephen Fingleton,104
Colonia,Florian Gallenberger,106
The Boy Next Door,Rob Cohen,91
The Gift,Joel Edgerton,108
Dracula Untold,Gary Shore,92
In the Heart of the Sea,Ron Howard,122
Idiocracy,Mike Judge,84
The Expendables,Sylvester Stallone,103
Evil Dead,Fede Alvarez,91
Sinister,Scott Derrickson,110
Wreck-It Ralph,Rich Moore,101
Snow White and the Huntsman,Rupert Sanders,127
Pan,Joe Wright,111
Transformers: Dark of the Moon,Michael Bay,154
Juno,Jason Reitman,96
A Hologram for the King,Tom Tykwer,98
Money Monster,Jodie Foster,98
The Other Woman,Nick Cassavetes,109
Enchanted,Kevin Lima,107
The Intern,Nancy Meyers,121
Little Miss Sunshine,Jonathan Dayton,101
Bleed for This,Ben Younger,117
Clash of the Titans,Louis Leterrier,106
The Finest Hours,Craig Gillespie,117
Tron,Joseph Kosinski,125
The Hunger Games: Catching Fire,Francis Lawrence,146
All Good Things,Andrew Jarecki,101
Kickboxer: Vengeance,John Stockwell,90
The Last Airbender,M. Night Shyamalan,103
Sex Tape,Jake Kasdan,94
What to Expect When You're Expecting,Kirk Jones,110
Moneyball,Bennett Miller,133
Ghost Rider,Mark Steven Johnson,114
Unbroken,Angelina Jolie,137
Immortals,Tarsem Singh,110
Sunshine,Danny Boyle,107
Brave,Mark Andrews,93
Män som hatar kvinnor,Niels Arden Oplev,152
Adoration,Anne Fontaine,112
The Drop,Michaël R. Roskam,106
She's the Man,Andy Fickman,105
Daddy's Home,Sean Anders,96
Let Me In,Matt Reeves,116
Never Back Down,Jeff Wadlow,110
Grimsby,Louis Leterrier,83
Moon,Duncan Jones,97
Megamind,Tom McGrath,95
Gangster Squad,Ruben Fleischer,113
Blood Father,Jean-François Richet,88
He's Just Not That Into You,Ken Kwapis,129
Kung Fu Panda 3,Alessandro Carloni,95
The Rise of the Krays,Zackary Adler,110
Handsome Devil,John Butler,95
Winter's Bone,Debra Granik,100
Horrible Bosses,Seth Gordon,98
Mommy,Xavier Dolan,139
Hellboy II: The Golden Army,Guillermo del Toro,120
Beautiful Creatures,Richard LaGravenese,124
Toni Erdmann,Maren Ade,162
The Lovely Bones,Peter Jackson,135
The Assassination of Jesse James by the Coward Robert Ford,Andrew Dominik,160
Don Jon,Joseph Gordon-Levitt,90
Bastille Day,James Watkins,92
2307: Winter's Dream,Joey Curtis,101
Free State of Jones,Gary Ross,139
Mr. Right,Paco Cabezas,95
The Secret Life of Walter Mitty,Ben Stiller,114
Dope,Rick Famuyiwa,103
Underworld Awakening,Måns Mårlind,88
Antichrist,Lars von Trier,108
Friday the 13th,Marcus Nispel,97
Taken 3,Olivier Megaton,109
Total Recall,Len Wiseman,118
X-Men: The Last Stand,Brett Ratner,104
The Escort,Will Slocombe,88
The Whole Truth,Courtney Hunt,93
Night at the Museum: Secret of the Tomb,Shawn Levy,98
Love & Other Drugs,Edward Zwick,112
The Interview,Evan Goldberg,112
The Host,Bong Joon Ho,120
Megan Is Missing,Michael Goi,85
WALL·E,Andrew Stanton,98
Knocked Up,Judd Apatow,129
Source Code,Duncan Jones,93
Lawless,John Hillcoat,116
Unfriended,Levan Gabriadze,83
American Reunion,Jon Hurwitz,113
The Pursuit of Happyness,Gabriele Muccino,117
Relatos salvajes,Damián Szifron,122
The Ridiculous 6,Frank Coraci,119
Frantz,François Ozon,113
Viral,Henry Joost,85
Gran Torino,Clint Eastwood,116
Burnt,John Wells,101
Tall Men,Jonathan Holbrook,133
Sleeping Beauty,Julia Leigh,101
Vampire Academy,Mark Waters,104
Sweeney Todd: The Demon Barber of Fleet Street,Tim Burton,116
Solace,Afonso Poyart,101
Insidious,James Wan,103
Popstar: Never Stop Never Stopping,Akiva Schaffer,87
The Levelling,Hope Dickson Leach,83
Public Enemies,Michael Mann,140
Boyhood,Richard Linklater,165
Teenage Mutant Ninja Turtles,Jonathan Liebesman,101
Eastern Promises,David Cronenberg,100
The Daughter,Simon Stone,96
Pineapple Express,David Gordon Green,111
The First Time,Jon Kasdan,95
Gone Baby Gone,Ben Affleck,114
The Heat,Paul Feig,117
L'avenir,Mia Hansen-Løve,102
Anna Karenina,Joe Wright,129
Regression,Alejandro Amenábar,106
Ted 2,Seth MacFarlane,115
Pain & Gain,Michael Bay,129
Blood Diamond,Edward Zwick,143
Devil's Knot,Atom Egoyan,114
Child 44,Daniel Espinosa,137
The Hurt Locker,Kathryn Bigelow,131
Green Lantern,Martin Campbell,114
War on Everyone,John Michael McDonagh,98
The Mist,Frank Darabont,126
Escape Plan,Mikael Håfström,115
"Love, Rosie",Christian Ditter,102
The DUFF,Ari Sandel,101
The Age of Shadows,Jee-woon Kim,140
The Hunger Games: Mockingjay - Part 1,Francis Lawrence,123
We Need to Talk About Kevin,Lynne Ramsay,112
Love & Friendship,Whit Stillman,90
The Mortal Instruments: City of Bones,Harald Zwart,130
Seven Pounds,Gabriele Muccino,123
The King's Speech,Tom Hooper,118
Hunger,Steve McQueen,96
Jumper,Doug Liman,88
Toy Story 3,Lee Unkrich,103
Tinker Tailor Soldier Spy,Tomas Alfredson,122
Resident Evil: Retribution,Paul W.S. Anderson,96
Dear Zindagi,Gauri Shinde,151
Genius,Michael Grandage,104
Pompeii,Paul W.S. Anderson,105
Life of Pi,Ang Lee,127
Hachi: A Dog's Tale,Lasse Hallström,93
10 Years,Jamie Linden,100
I Origins,Mike Cahill,106
Live Free or Die Hard,Len Wiseman,128
The Matchbreaker,Caleb Vetter,94
Funny Games,Michael Haneke,111
Ted,Seth MacFarlane,106
RED,Robert Schwentke,111
Australia,Baz Luhrmann,165
Faster,George Tillman Jr.,98
The Neighbor,Marcus Dunstan,87
The Adjustment Bureau,George Nolfi,106
The Hollars,John Krasinski,88
The Judge,David Dobkin,141
Closed Circuit,John Crowley,96
Transformers: Revenge of the Fallen,Michael Bay,150
La tortue rouge,Michael Dudok de Wit,80
The Book of Life,Jorge R. Gutiérrez,95
Incendies,Denis Villeneuve,131
The Heartbreak Kid,Bobby Farrelly,116
Happy Feet,George Miller,108
Entourage,Doug Ellin,104
The Strangers,Bryan Bertino,86
Noah,Darren Aronofsky,138
Neighbors,Nicholas Stoller,97
Nymphomaniac: Vol. II,Lars von Trier,123
Wild,Jean-Marc Vallée,115
Grown Ups,Dennis Dugan,102
Blair Witch,Adam Wingard,89
The Karate Kid,Harald Zwart,140
Dark Shadows,Tim Burton,113
Friends with Benefits,Will Gluck,109
The Illusionist,Neil Burger,110
The A-Team,Joe Carnahan,117
The Guest,Adam Wingard,100
The Internship,Shawn Levy,119
Paul,Greg Mottola,104
This Beautiful Fantastic,Simon Aboud,100
The Da Vinci Code,Ron Howard,149
Mr. Church,Bruce Beresford,104
Hugo,Martin Scorsese,126
The Blackcoat's Daughter,Oz Perkins,93
Body of Lies,Ridley Scott,128
Knight of Cups,Terrence Malick,118
The Mummy: Tomb of the Dragon Emperor,Rob Cohen,112
The Boss,Ben Falcone,99
Hands of Stone,Jonathan Jakubowicz,111
El secreto de sus ojos,Juan José Campanella,129
True Grit,Ethan Coen,110
We Are Your Friends,Max Joseph,96
A Million Ways to Die in the West,Seth MacFarlane,116
Only for One Night,Chris Stokes,86
Rules Don't Apply,Warren Beatty,127
Ouija: Origin of Evil,Mike Flanagan,99
Percy Jackson: Sea of Monsters,Thor Freudenthal,106
Fracture,Gregory Hoblit,113
Oculus,Mike Flanagan,104
In Bruges,Martin McDonagh,107
This Means War,McG,103
Lída Baarová,Filip Renc,106
The Road,John Hillcoat,111
Lavender,Ed Gass-Donnelly,92
Deuces,Jamal Hill,87
Conan the Barbarian,Marcus Nispel,113
The Fighter,David O. Russell,116
August Rush,Kirsten Sheridan,114
Chef,Jon Favreau,114
Eye in the Sky,Gavin Hood,102
Eagle Eye,D.J. Caruso,118
The Purge,James DeMonaco,85
PK,Rajkumar Hirani,153
Ender's Game,Gavin Hood,114
Indiana Jones and the Kingdom of the Crystal Skull,Steven Spielberg,122
Paper Towns,Jake Schreier,109
High-Rise,Ben Wheatley,119
Quantum of Solace,Marc Forster,106
The Assignment,Walter Hill,95
How to Train Your Dragon,Dean DeBlois,98
Lady in the Water,M. Night Shyamalan,110
The Fountain,Darren Aronofsky,96
Cars 2,John Lasseter,106
31,Rob Zombie,102
Final Girl,Tyler Shields,90
Chalk It Up,Hisonni Johnson,90
The Man Who Knew Infinity,Matt Brown,108
Unknown,Jaume Collet-Serra,113
Self/less,Tarsem Singh,117
Mr. Brooks,Bruce A. Evans,120
Tramps,Adam Leon,82
Before We Go,Chris Evans,95
Captain Phillips,Paul Greengrass,134
The Secret Scripture,Jim Sheridan,108
Max Steel,Stewart Hendler,92
Hotel Transylvania 2,Genndy Tartakovsky,89
Hancock,Peter Berg,92
Sisters,Jason Moore,118
The Family,Luc Besson,111
Zack and Miri Make a Porno,Kevin Smith,101
Ma vie de Courgette,Claude Barras,66
Man on a Ledge,Asger Leth,102
No Strings Attached,Ivan Reitman,108
Rescue Dawn,Werner Herzog,120
Despicable Me 2,Pierre Coffin,98
A Walk Among the Tombstones,Scott Frank,114
The World's End,Edgar Wright,109
Yoga Hosers,Kevin Smith,88
Seven Psychopaths,Martin McDonagh,110
Beowulf,Robert Zemeckis,115
Jack Ryan: Shadow Recruit,Kenneth Branagh,105
1408,Mikael Håfström,104
The Gambler,Rupert Wyatt,111
Prince of Persia: The Sands of Time,Mike Newell,116
The Spectacular Now,James Ponsoldt,95
A United Kingdom,Amma Asante,111
USS Indianapolis: Men of Courage,Mario Van Peebles,128
Turbo Kid,François Simard,93
Mama,Andrés Muschietti,100
Orphan,Jaume Collet-Serra,123
To Rome with Love,Woody Allen,112
Fantastic Mr. Fox,Wes Anderson,87
Inside Man,Spike Lee,129
I.T.,John Moore,95
127 Hours,Danny Boyle,94
Annabelle,John R. Leonetti,99
Wolves at the Door,John R. Leonetti,73
Suite Française,Saul Dibb,107
The Imaginarium of Doctor Parnassus,Terry Gilliam,123
G.I. Joe: The Rise of Cobra,Stephen Sommers,118
Christine,Antonio Campos,119
Man Down,Dito Montiel,90
Crawlspace,Phil Claydon,88
Shut In,Farren Blackburn,91
The Warriors Gate,Matthias Hoene,108
Grindhouse,Robert Rodriguez,191
Disaster Movie,Jason Friedberg,87
Rocky Balboa,Sylvester Stallone,102
Diary of a Wimpy Kid: Dog Days,David Bowers,94
Jane Eyre,Cary Joji Fukunaga,120
Fool's Gold,Andy Tennant,112
The Dictator,Larry Charles,83
The Loft,Erik Van Looy,108
Bacalaureat,Cristian Mungiu,128
You Don't Mess with the Zohan,Dennis Dugan,113
Exposed,Gee Malik Linton,102
Maudie,Aisling Walsh,115
Horrible Bosses 2,Sean Anders,108
A Bigger Splash,Luca Guadagnino,125
Melancholia,Lars von Trier,135
The Princess and the Frog,Ron Clements,97
Unstoppable,Tony Scott,98
Flight,Robert Zemeckis,138
Home,Tim Johnson,94
La migliore offerta,Giuseppe Tornatore,131
Mean Dreams,Nathan Morlando,108
42,Brian Helgeland,128
21,Robert Luketic,123
Begin Again,John Carney,104
Out of the Furnace,Scott Cooper,116
Vicky Cristina Barcelona,Woody Allen,96
Kung Fu Panda,Mark Osborne,92
Barbershop: The Next Cut,Malcolm D. Lee,111
Terminator Salvation,McG,115
Freedom Writers,Richard LaGravenese,123
The Hills Have Eyes,Alexandre Aja,107
Changeling,Clint Eastwood,141
Remember Me,Allen Coulter,113
Koe no katachi,Naoko Yamada,129
"Alexander and the Terrible, Horrible, No Good, Very Bad Day",Miguel Arteta,81
Locke,Steven Knight,85
The 9th Life of Louis Drax,Alexandre Aja,108
Horns,Alexandre Aja,120
Indignation,James Schamus,110
The Stanford Prison Experiment,Kyle Patrick Alvarez,122
Diary of a Wimpy Kid: Rodrick Rules,David Bowers,99
Mission: Impossible III,J.J. Abrams,126
En man som heter Ove,Hannes Holm,116
Dragonball Evolution,James Wong,85
Red Dawn,Dan Bradley,93
One Day,Lone Scherfig,107
Life as We Know It,Greg Berlanti,114
28 Weeks Later,Juan Carlos Fresnadillo,100
Warm Bodies,Jonathan Levine,98
Blue Jasmine,Woody Allen,98
G.I. Joe: Retaliation,Jon M. Chu,110
Wrath of the Titans,Jonathan Liebesman,99
Shin Gojira,Hideaki Anno,120
Saving Mr. Banks,John Lee Hancock,125
Transcendence,Wally Pfister,119
Rio,Carlos Saldanha,96
Equals,Drake Doremus,101
Babel,Alejandro González Iñárritu,143
The Tree of Life,Terrence Malick,139
The Lucky One,Scott Hicks,101
Piranha 3D,Alexandre Aja,88
50/50,Jonathan Levine,100
The Intent,Femi Oyeniran,104
This Is 40,Judd Apatow,134
Real Steel,Shawn Levy,127
Sex and the City,Michael Patrick King,145
Rambo,Sylvester Stallone,92
Planet Terror,Robert Rodriguez,105
Concussion,Peter Landesman,123
The Fall,Tarsem Singh,117
The Ugly Truth,Robert Luketic,96
Bride Wars,Gary Winick,89
Sleeping with Other People,Leslye Headland,101
Snakes on a Plane,David R. Ellis,105
What If,Michael Dowse,98
How to Train Your Dragon 2,Dean DeBlois,102
RoboCop,José Padilha,117
In Dubious Battle,James Franco,110
"Hello, My Name Is Doris",Michael Showalter,95
Ocean's Thirteen,Steven Soderbergh,122
Slither,James Gunn,95
Contagion,Steven Soderbergh,106
Il racconto dei racconti - Tale of Tales,Matteo Garrone,133
I Am the Pretty Thing That Lives in the House,Oz Perkins,87
Bridge to Terabithia,Gabor Csupo,96
Coherence,James Ward Byrkit,89
Notorious,George Tillman Jr.,122
Goksung,Hong-jin Na,156
The Expendables 2,Simon West,103
The Girl Next Door,Gregory Wilson,91
Perfume: The Story of a Murderer,Tom Tykwer,147
The Golden Compass,Chris Weitz,113
Centurion,Neil Marshall,97
Scouts Guide to the Zombie Apocalypse,Christopher Landon,93
17 Again,Burr Steers,102
No Escape,John Erick Dowdle,103
Superman Returns,Bryan Singer,154
The Twilight Saga: Breaking Dawn - Part 1,Bill Condon,117
Precious,Lee Daniels,110
The Sea of Trees,Gus Van Sant,110
Good Kids,Chris McCoy,86
The Master,Paul Thomas Anderson,144
Footloose,Craig Brewer,113
If I Stay,R.J. Cutler,107
The Ticket,Ido Fluk,97
Detour,Christopher Smith,97
The Love Witch,Anna Biller,120
Talladega Nights: The Ballad of Ricky Bobby,Adam McKay,108
The Human Centipede (First Sequence),Tom Six,92
Super,James Gunn,96
The Siege of Jadotville,Richie Smyth,108
Up in the Air,Jason Reitman,109
The Midnight Meat Train,Ryûhei Kitamura,98
The Twilight Saga: Eclipse,David Slade,124
Transpecos,Greg Kwedar,86
What's Your Number?,Mark Mylod,106
Riddick,David Twohy,119
Triangle,Christopher Smith,99
The Butler,Lee Daniels,132
King Cobra,Justin Kelly,91
After Earth,M. Night Shyamalan,100
Kicks,Justin Tipping,80
Me and Earl and the Dying Girl,Alfonso Gomez-Rejon,105
The Descendants,Alexander Payne,115
Sex and the City 2,Michael Patrick King,146
The Kings of Summer,Jordan Vogt-Roberts,95
Death Race,Paul W.S. Anderson,105
That Awkward Moment,Tom Gormican,94
Legion,Scott Stewart,100
End of Watch,David Ayer,109
3 Days to Kill,McG,117
Lucky Number Slevin,Paul McGuigan,110
Trance,Danny Boyle,101
Into the Forest,Patricia Rozema,101
The Other Boleyn Girl,Justin Chadwick,115
I Spit on Your Grave,Steven R. Monroe,108
Custody,James Lapine,104
Inland Empire,David Lynch,180
L'odyssée,Jérôme Salle,122
The Walk,Robert Zemeckis,123
Wrecker,Micheal Bafaro,83
The Lone Ranger,Gore Verbinski,150
Texas Chainsaw 3D,John Luessenhop,92
Disturbia,D.J. Caruso,105
Rock of Ages,Adam Shankman,123
Scream 4,Wes Craven,111
Queen of Katwe,Mira Nair,124
My Big Fat Greek Wedding 2,Kirk Jones,94
Dark Places,Gilles Paquet-Brenner,113
Amateur Night,Lisa Addario,92
It's Only the End of the World,Xavier Dolan,97
The Skin I Live In,Pedro Almodóvar,120
Miracles from Heaven,Patricia Riggen,109
Annie,Will Gluck,118
Across the Universe,Julie Taymor,133
Let's Be Cops,Luke Greenfield,104
Max,Boaz Yakin,111
Your Highness,David Gordon Green,102
Final Destination 5,Steven Quale,92
Endless Love,Shana Feste,104
Martyrs,Pascal Laugier,99
Selma,Ava DuVernay,128
Underworld: Rise of the Lycans,Patrick Tatopoulos,92
Taare Zameen Par,Aamir Khan,165
Take Me Home Tonight,Michael Dowse,97
Resident Evil: Afterlife,Paul W.S. Anderson,97
Project X,Nima Nourizadeh,88
Secret in Their Eyes,Billy Ray,111
Hostel: Part II,Eli Roth,94
Step Up 2: The Streets,Jon M. Chu,98
Search Party,Scot Armstrong,93
Nine Lives,Barry Sonnenfeld,87